Title,URL,Message,Category
paket lama,https://tanyapaket.cekresi.com/question/paket-lama-57/,paket saya dengan no resi JD0377946014 dari tgl 17/03/2024 dari malang ke bogor kenapa masih belum sampai,JNT Express
cek paket wahana,https://tanyapaket.cekresi.com/question/cek-paket-wahana-2/,"Mohon klarifikasi, paketan yang seharusnya sampai tgl 18 maret, sampai hari ini 21 maret kenapa belum sampai. Paket menggunakan wahana dengan nomer resi p49b4gk3 dari pekalongan menuju sukoharjo",WAHAHA
Nomor resi tidak bisa dilacak,https://tanyapaket.cekresi.com/question/nomor-resi-tidak-bisa-dilacak-41/,Tolo lacak barang dengan nomor resi berikut sedang berada dimana? JDO378691410,JNT Express
Asking my package,https://tanyapaket.cekresi.com/question/asking-my-package-4/,"Paket no. Resi JP3668010294 by jnt udah 3 hari di jkt, kenapa ya?",JNT Express
"Paket dengan nomor resi 200457540760,gk jalan dari kemarin,saya gk tau udah dimana sekarang üôèüôè",https://tanyapaket.cekresi.com/question/paket-dengan-nomor-resi-200457540760gk-jalan-dari-kemarinsaya-gk-tau-udah-dimana-sekarang-%f0%9f%99%8f%f0%9f%99%8f/,"Paket dengan nomor resi 200457540760,gk ada jalan dari kemarin saya gk tau paket saya dimana skrg",JNT Cargo
Paket saya sudah di terima sama yang bersangkutan tapi foto rumah nya buka. Rumah saya,https://tanyapaket.cekresi.com/question/paket-saya-sudah-di-terima-sama-yang-bersangkutan-tapi-foto-rumah-nya-buka-rumah-saya/,"Paket nya sudah sampai tapi bukan di rumah saya bahkan foto pun bukan rumah saya, padahal saya sudah menyertakan alamat rumah saya dengan jelas, mohon untuk kirimkan paket saya ke rumah saya No resi:SPXID040888217843",Shopee Express
paket belum sampai dari tgl 13 maret 2024,https://tanyapaket.cekresi.com/question/paket-belum-sampai-dari-tgl-13-maret-2024/,paket belum sampai dari tgl 13 maret 2024 paket tujuan gianyar bali,JNT Express
paket mengalami kendala pengiriman,https://tanyapaket.cekresi.com/question/paket-mengalami-kendala-pengiriman/,"no resi 10008549348605 saya pesan lewat marketplace shopee. saya lacak ternyata terakhir updatenya tanggal 18 dini hari, sudah hampir 3 hari tidak ada update terbaru, dan paket belum mencapai 50% progres pengiriman. tolong untuk anteraja, ekspedisinya yang amanah. sudah berkali-kali saya dan rekan saya mengalami kendala lewat anteraja. entah paket hilang, paket lambat, atau tidak sesuai. sekian.",Anteraja
Tanya paket,https://tanyapaket.cekresi.com/question/tanya-paket-2693/,"JNE kenapa lama ya,paket saya dengan resi 4148642400313163 sudah 3 hari belum sampai",JNE Express
Paket tidak bisa dilacak.,https://tanyapaket.cekresi.com/question/paket-tidak-bisa-dilacak-166/,"Paket dengan no resi JNE 02027007547224 tidak bisa dilacak sejak awal beli pada tanggal 16 Maret 2024,bantu lacakan paket tsb,sekian terima kasih",JNE Express
Resi IDD902221414163,https://tanyapaket.cekresi.com/question/resi-idd902221414163/,Resi IDD902221414163 KE SINTANG KALIMANTAN BARAT KENAPA MALAH MUTER2 GARUT-JAKARTA-KARAWANG-BANDUNG KHAWATIR ISI NYA MAKANAN,ID Express
"cek resi paket dari jkt ke bandung, ternyata nyasar ke tasikmalaya..",https://tanyapaket.cekresi.com/question/cek-resi-paket-dari-jkt-ke-bandung-ternyata-nyasar-ke-tasikmalaya/,"hi tadi aku cek resi paket TKP01-ELXP6VK1 dari jakarta tujuan bandung kok statusnya sedang di tasikmalaya.. salah sortir ini yaa, solusinya gimana kak.. thanks",JNT Express
"Paket belum sampai dari tanggal 11 maret 2024, no resi 10008523161439",https://tanyapaket.cekresi.com/question/paket-belum-sampai-dari-tanggal-11-maret-2024-no-resi-10008523161439/,"Paket belum sampai dari tanggal 11 maret 2024, expedisi anter aja, no resi 10008523161439",Anteraja
Paket dengan resi JB0056731817 kenapa tidak bisa dilacak,https://tanyapaket.cekresi.com/question/paket-dengan-resi-jb0056731817-kenapa-tidak-bisa-dilacak/,Kenapa paket saya tidak bisa dilacak JB0056731817,JNT Express
Di mana posisi paket saya???,https://tanyapaket.cekresi.com/question/di-mana-posisi-paket-saya/,"No Resi 004287977524 jasa kirim KARGO .SI CEPAT GOKIL. TANGGAL ESTIMASI TIBA SENIN, 18 MARET 2024. TAPI HINGGA HARI INI RABU, 20 MARET BELUM TIBA JUGA.",Ekspedisi Lainnya
paket nyetuck 2 hari di palembang,https://tanyapaket.cekresi.com/question/paket-nyetuck-2-hari-di-palembang/,no resi PLMEC02792322624,JNE Express
Paket Tidak datang selama 1 bulan lebih,https://tanyapaket.cekresi.com/question/paket-tidak-datang-selama-1-bulan-lebih/,Paket dengan resi 1461942400007848 atas nama Joni Alwi belum datang selama 1 bulan lebih apakah terjadi pergantian resi atau barang hilang apa yang harus saya lakukan,JNE Express
kapan paket saya sampai ya?,https://tanyapaket.cekresi.com/question/kapan-paket-saya-sampai-ya/,paket saya dari tgl 13 knpa blum smpai‚Äù ya?,JNT Express
SPXID046864595393,https://tanyapaket.cekresi.com/question/spxid046864595393/,"Belum sampai paketnya, tolong segera deluvery",Shopee Express
Paket nyangkut padahal harusnya sampai 3 hari yang lalu,https://tanyapaket.cekresi.com/question/paket-nyangkut-padahal-harusnya-sampai-3-hari-yang-lalu/,"Paket saya dengan resi JT0248190931 ga bergerak sejak 3 hari yang lalu, customer servicenya cuma bot, sedangkan temen saya yang pengirimannya belakangan, pakai J&T juga malah sampai 2 hari yang lalu. Ini gimana sih pelayanannya? Mau saya samperin sendiri gerainya sambil marah2?",JNT Express
Paket ga bergerak dari Surabaya,https://tanyapaket.cekresi.com/question/paket-ga-bergerak-dari-surabaya/,dari tgl 17 sampe sekarang paket saya masih on processed at sorting centre surabaya dengan no resi TLJR3D9TUPYG6UMW.,JNE Express
PAKET TERTAHAN DI SORTING CENTER PANCORAN MAS,https://tanyapaket.cekresi.com/question/paket-tertahan-di-sorting-center-pancoran-mas/,"Halo, paket saya sejak hari minggu pagi, 17 Maret 2024, pukul 09:24 sudah tiba di Sorting Center Depok (Depok Pancoran Mas). Minggu pagi itu juga, jam 10:21, tertulis statusnya ‚Äúkurir sudah ditugaskan dan pesanan akan diantar ke pembeli‚Äù.Tapi, sampai Selasa Siang, 19 Maret 2024, paket tidak kunjung sampai. Padahal, saya juga tinggal di wilayah Pancoran Mas. Tapi berhari-hari paket tidak bergerak dan tidak ada update.Kenapa bisa tertahan begitu lama?Catt: saya sudah kontak WA Sicepat dan tidak ada respons..",SICEPAT
tidak diterima pemilik,https://tanyapaket.cekresi.com/question/tidak-diterima-pemilik/,"Paket saya dengan resi JD0376721490 dikirim dari malang tgl 12 maret menuju jakarta. status paket melalui track paket ‚ÄúPackage has been delivered to pos, Mailing Room (Delivered)‚Äù tapi tidak diterima oleh penerima.",JNT Express
paker saya stuck di kota tujuan.,https://tanyapaket.cekresi.com/question/paker-saya-stuck-di-kota-tujuan/,paket udah 9 hari masih aja stuck di kota tujuan. knp sih setiap paket yg pake anteraja pelayanan ga ada yg beres. tolong ditelusuri lagi anteraja cabang procot slawi tegal,Anteraja
status pengiriman dokumen dari tgl 8 Maret tidak bergerak,https://tanyapaket.cekresi.com/question/status-pengiriman-dokumen-dari-tgl-8-maret-tidak-bergerak/,pengiriman dokumen dengan no resi JD0375843418 dari tgl 8 Maret statusnya masih delivered aja gak berubah,JNT Express
Jne lemot katanya sehari lah malah nyetuck,https://tanyapaket.cekresi.com/question/jne-lemot-katanya-sehari-lah-malah-nyetuck/,Paket nyetuck gak gerak no resi 082870005051824,JNE Express
Kapan paket saya sampai,https://tanyapaket.cekresi.com/question/kapan-paket-saya-sampai-61/,"Paket saya dengan nomor resi 440650002891524 dikirim hari Jum‚Äôat, 15 Maret 2024 dari Padang, Sumatera Barat dengan tujuan Kota Malang. Setelah kurang lebih 4 hari kenapa belum sampai juga? Kalo bisa diberitahukan status pengirimannya sudah sampai dimana",JNE Express
Paket dgn resi 1307477615 kenapa tidak bisa dilacak perjalanannya,https://tanyapaket.cekresi.com/question/paket-dgn-resi-1307477615-kenapa-tidak-bisa-dilacak-perjalanannya/,"Kenapa ya paket saya dengan no resi 1307477615 tidak bisa dilacak,apakah paket sudah nyampe atau belum yah",JNT Express
Konfirmasi paket,https://tanyapaket.cekresi.com/question/konfirmasi-paket-7/,Izin bertanya paket saya selalu lewat waktu pengiriman. Mohon penjelasannya. No resi 1307147373,JNT Express
Mengapa paket statusnya tertahan?,https://tanyapaket.cekresi.com/question/mengapa-paket-statusnya-tertahan/,"saya sebagai seller, kenapa paket dengan no resi 10008498123779 dari tanggal 5 maret belum jg sampai ya ke cust? setelah di lacak paket tertahan di jakarta utara. mohon bantuannya dan respon cepatnya, terimakasih",Anteraja
Resi Tidak Bisa DiLacak,https://tanyapaket.cekresi.com/question/resi-tidak-bisa-dilacak-128/,Mohon cek resi saya dengan nomor 050900001185724,JNE Express
Paket Tidak Bergerak,https://tanyapaket.cekresi.com/question/paket-tidak-bergerak-7905/,Kapan barang mau dikirim ke alamat tujuan?,Shopee Express
Apakah paket saya sudah dikirim?,https://tanyapaket.cekresi.com/question/apakah-paket-saya-sudah-dikirim-4/,"Halo, status paket saya Dari tgl 12 yg harusnya Sudah sampe di tgl 15 kemarin : RECEIVED AT INBOUND STATION [JNE POSO DRIVER MOBIL]Nomor Resi : TLJC3D65WYYNR4DC",JNE Express
paket dg no resi JX0222305580 ko dri tangal 15masi nyangkut di bandung smpe skarang gk nyampe nyampe,https://tanyapaket.cekresi.com/question/paket-dg-no-resijx0222305580-ko-dri-tangal-15masi-nyangkut-di-bandung-smpe-skarang-gk-nyampe-nyampe/,knp bisa nyangkut gk di kirim¬≤ JX0222305580,JNE Express
jangan dikirim dulu ke alamat tujuan,https://tanyapaket.cekresi.com/question/jangan-dikirim-dulu-ke-alamat-tujuan/,"halo min, apakah boleh ganti alamat min? saat paket sdh di shipping? atau kl blm dikirim tolong di hold dlu bisa gak min? makasih",JNT Express
Apakah psket saya sudah di kirim,https://tanyapaket.cekresi.com/question/apakah-psket-saya-sudah-di-kirim/,Udah saya bayar tp paket belim sampek,JNT Express
Paket Stuck Di Gateway Bulkhub udah 3 hari. JT41856531912,https://tanyapaket.cekresi.com/question/paket-stuck-di-gateway-bulkhub-udah-3-hari-jt41856531912/,Paket Stuck Di Gateway Bulkhub udah 3 hari.JT41856531912,JNE Express
"Status sudah terkirim, aket bel diterima",https://tanyapaket.cekresi.com/question/status-sudah-terkirim-aket-bel-diterima/,"5400352108904764Status paket delivered 17Mar 5pm tp sampai sekarang saya blm terimaSalah alamat atau bagaimana, min? Minta bukti foto rumah & foto penerima barangnya & atas nama siapa",JNE Express
paket msh stuck sudah lebih dr 4 hari,https://tanyapaket.cekresi.com/question/paket-msh-stuck-sudah-lebih-dr-4-hari/,paket saya resi JX0212215473 msh stuck belum ada perubahan?,JNT Express
tanya paket berhenti di hub 2 hari tdk bergerak,https://tanyapaket.cekresi.com/question/tanya-paket-berhenti-di-hub-2-hari-tdk-bergerak/,kenapa paket saya tidak bergerak 2 hari berhenti di satu titik,JNE Express
resi di paket tulisan nya pudar jadi kurang jelas untuk saya melihatnya,https://tanyapaket.cekresi.com/question/resi-di-paket-tulisan-nya-pudar-jadi-kurang-jelas-untuk-saya-melihatnya/,"Apabila tidak mengecek menggunakan resi,apakah bisa menggunakan nama?",JNT Cargo
Paket Belum sampai,https://tanyapaket.cekresi.com/question/paket-belum-sampai-2453/,"JD0376511404 belum diterima, keterangan kemarin kurir sudah datang hanya saja tidak ada penerima.",JNT Express
Paket tidak sampai ke alamat tujuan,https://tanyapaket.cekresi.com/question/paket-tidak-sampai-ke-alamat-tujuan-2/,Paket tidak sampai sampai dan tertahan di bandara mas sejak tanggal 11 maret 2024,JNE Express
Paket tertulis sudah sampai namun terntara belum diterima,https://tanyapaket.cekresi.com/question/paket-tertulis-sudah-sampai-namun-terntara-belum-diterima/,Paket berupa bedcover set Kintakun,ID Express
JANGAN PAKAI JNE,https://tanyapaket.cekresi.com/question/jangan-pakai-jne/,"JNE YES SURABAYA ‚Äì MALANG 3 hari belum sampaiSaya setor barang di Surabaya tgl 16 siang hari, baru masuk sistem di malam harinya. Status resi paket tgl 17 sore TIDAK ADA ORANG DI RUMAH, padahal saya sudah nungguin seharian pintu terbuka0347412400733878Silahkan di cek resi tsb, sangat memalukan, harapan pakai YES sehari sampai ini malah molor 3 hari blm ada kejelasan",JNE Express
paket tidak bergerak,https://tanyapaket.cekresi.com/question/paket-tidak-bergerak-7904/,PAKET TIDAK BERGERAK AMIEC01743413424,JNE Express
Paket freeze,https://tanyapaket.cekresi.com/question/paket-freeze/,TKP01-WF1L3MD7,SAP Express
Pket tidak bergerak JP 3739811647,https://tanyapaket.cekresi.com/question/pket-tidak-bergerak-jp-3739811647/,Paket tidak bergerak JP3739811647,JNT Express
PAKET TIDAK BERGERAK,https://tanyapaket.cekresi.com/question/paket-tidak-bergerak-7903/,PAKET TIDAK BERGERAK SEJAK TANGGAL 15 MARET 2024 AMIEC01743413424 DI GUDANG JNE JAKARTA ANGKE,JNE Express
Paket belum sampai,https://tanyapaket.cekresi.com/question/paket-belum-sampai-2452/,paket saya dengan nomer resi JD0377183625 belum sampai tapi diketerangan tertulis delivered per 18 maret 2024 jam 08.51,JNT Express
ko saya cek di maps sudah tutup permanen?,https://tanyapaket.cekresi.com/question/ko-saya-cek-di-maps-sudah-tutup-permanen/,Nomer resi 005240313448,SICEPAT
Paket tidak bergerak,https://tanyapaket.cekresi.com/question/paket-tidak-bergerak-7902/,"bisa dibantu percepatan untuk paket nomer resi JP6538027757, 3 Hari tidak ada update, terimakasih",JNT Cargo
"STATUS DELIVERED, TAPI PENERIMA BUKAN YANG DITUJU",https://tanyapaket.cekresi.com/question/status-delivered-tapi-penerima-bukan-yang-dituju/,"Nomor resi : 083420002447124 Status delivered per 14.03.2024 atas nama YUNIAR, namun disini tidak ada yang bernama YUNIAR dan kami belum menerima paket tersebut.",JNE Express
Paket stuk,https://tanyapaket.cekresi.com/question/paket-stuk-6/,"Kenapa paket saya tidak jalan padahal pengiriman antar lampung tapi pengirimannya lama sekali, no resi TLJR3D1C6NYGRCGF",JNE Express
Rute pengiriman,https://tanyapaket.cekresi.com/question/rute-pengiriman/,"Status rute pengiriman masih di jkt, belum nyampe kota tujuan tapi status selanjutnya sedang dalam pengiriman kurir.",Ekspedisi Lainnya
004288581983,https://tanyapaket.cekresi.com/question/004288581983/,004288581983,SICEPAT
paket tidak bergerak,https://tanyapaket.cekresi.com/question/paket-tidak-bergerak-7901/,"kenapa paket saya stuk di sumber padahal kirim dari tanggak 14, ambil pengiriman 2hari sampe tp udah 2hari gasampe sampe dan stuk aja dikp penggung resi 257600000830224 padahal urgent malah kaya gini,",JNE Express
IDS903639923677,https://tanyapaket.cekresi.com/question/ids903639923677/,Paketan saya kenapa gagal pengiriman/masalah dalam pengiriman,ID Express
Paket j&t carglo saya sudah sampai di kota saya apakah besok akan dikirim?,https://tanyapaket.cekresi.com/question/paket-jt-carglo-saya-sudah-sampai-di-kota-saya-apakah-besok-akan-dikirim/,Paket j&t carglo saya sudah sampai di kota saya apakah besok akan dikirim?,JNT Cargo
STATUS On Process INPUT TANGGAL KOSONG,https://tanyapaket.cekresi.com/question/status-on-process-input-tanggal-kosong/,MOHON INFORMASINYA UNTUK STATUS ON PROCESS DENGAN INPUT TANGGAL KOSONG APA BARANG DALAM PENGIRIMAN? ATAU INI KASUS PENIPUAN DALAM PENGIRIMAN BARANG?,ID Express
Cek resi JD0377622488,https://tanyapaket.cekresi.com/question/cek-resi-jd0377622488/,No resi JD0377622488 Tlong di cek kak Jne express,JNE Express
8811622400500198,https://tanyapaket.cekresi.com/question/8811622400500198/,Paket saya sudah nyampek mana,JNE Express
Paket saya tidak bergerak. Dan sudah melewati estimasi waktu.,https://tanyapaket.cekresi.com/question/paket-saya-tidak-bergerak-dan-sudah-melewati-estimasi-waktu/,"Selamat siang, A/n pengirim : Agis Dengan no. Resi : JD0376311762 Status tidak berubah mulai tanggal 14 yang berarti paket saya tidak bergerak. Mohon tanggapannya?",JNT Express
paket tidak bergerak dari 14 maret,https://tanyapaket.cekresi.com/question/paket-tidak-bergerak-dari-14-maret/,"sudah 3 hari paket tidak bergerak di jogjakarta dc, apakah ada masalah??",Shopee Express
Paket tidak bergerak,https://tanyapaket.cekresi.com/question/paket-tidak-bergerak-7900/,Dsri kemarin sampai sekarang,JNT Express
Paket tidak bergerak,https://tanyapaket.cekresi.com/question/paket-tidak-bergerak-7899/,"Paket saya dengan no resi JT61474184820 jne trucking dengan keterangan sebagai berikut 12-03-2024 23:14	DEPARTED FROM TRANSIT [SUX, RITZGATE ‚Äì MUNCUL] 14-03-2024 14:53	DEPARTED FROM TRANSIT [GATEWAY, BULKHUB] paket saya tidak bergerak Mohon di tindak lanjutin Terimah kasih",JNE Express
Paket tidak bergerak,https://tanyapaket.cekresi.com/question/paket-tidak-bergerak-7898/,"Paket tidak bergerak dari tgl 14 Maret sampai dengan tgl hari ini 16 maret, hanya ada info dibawa sigesit",SICEPAT
"Resi tidak terdaftar, beli ditiktok. Jln ditempat. 570001224188",https://tanyapaket.cekresi.com/question/resi-tidak-terdaftar-beli-ditiktok-jln-ditempat-570001224188/,570001224188,JNT Cargo
Paket tidak bergerak,https://tanyapaket.cekresi.com/question/paket-tidak-bergerak-7897/,Paket jne saya tidak bergerak sudah 3 hari. Status terakhir di gateway bulkhub tgl 13 Maret 2023,JNE Express
Kenapa nomor resi saya tidak dapat dilacak? Padahal kemarin bisa. Nomor resi 067950003674422,https://tanyapaket.cekresi.com/question/kenapa-nomor-resi-saya-tidak-dapat-dilacak-padahal-kemarin-bisa-nomor-resi-067950003674422/,Nomor resi saya tidak dapat dilacak 067950003674422,JNE Express
Paket Tidak Bergerak,https://tanyapaket.cekresi.com/question/paket-tidak-bergerak-7896/,"Paket saya dengan nomor resi 120250004324024 ngestuck dan ga jalan sudah 2 hari, kira-kira itu kenapa dan solusi nya bagaimana?",JNE Express
Pengambilan paket ditempat yg tdk sesuai dengan alamat pengiriman,https://tanyapaket.cekresi.com/question/pengambilan-paket-ditempat-yg-tdk-sesuai-dengan-alamat-pengiriman/,Pengambilan barang tidak sesuai dengan alamat pengiriman barang,JNT Express
Paket tidak bergerak,https://tanyapaket.cekresi.com/question/paket-tidak-bergerak-7895/,Berhenti di transit hub,Anteraja
Resi 280450009790423 gk jalan,https://tanyapaket.cekresi.com/question/resi-280450009790423-gk-jalan/,Tolong cepet 280450009790423,JNE Express
paket saya belum sampai,https://tanyapaket.cekresi.com/question/paket-saya-belum-sampai-157/,"kak paket saya udah 5 hari ga nyampe, keterangannya masih siap diambil kurir padahal udah mau seminggu, tolong bantu ka no resi 24030012780, kalo expedisinya saya kurang tau soalnya gaada keterangannya kak",JNE Express
Delivered tapi belum terkirim,https://tanyapaket.cekresi.com/question/delivered-tapi-belum-terkirim-2/,"resi JP6664282991 sebelumnya ada kendala paket berkali-kali gagal kirim dan berhari-hari di reschedule. kemarin tiba-tiba paket dinyatakan terkirim tapi saya BELUM MENERIMA SAMA SEKALI PAKETNYA, mana paket saya??? !!!!!!!!!!!",JNT Express
Gimana caranya saya visa tahu paket saya sedangkan resi saya tidak bisa di lacak,https://tanyapaket.cekresi.com/question/gimana-caranya-saya-visa-tahu-paket-saya-sedangkan-resi-saya-tidak-bisa-di-lacak/,alifchaerulanam2@gmail.com,ID Express
Paket dari alahan panjang tidak bergerak,https://tanyapaket.cekresi.com/question/paket-dari-alahan-panjang-tidak-bergerak/,Jd0376169464,JNT Express
Kapan paket sampai?,https://tanyapaket.cekresi.com/question/kapan-paket-sampai-25/,"Kapan paket saya sampai dengan nomor resi  090010027277424,ekspedisi JNE YES",Ekspedisi Lainnya
status paket tidak berubah dari tgl 9 dan tidak ada update paket dimana selama 6 hari,https://tanyapaket.cekresi.com/question/status-paket-tidak-berubah-dari-tgl-9-dan-tidak-ada-update-paket-dimana-selama-6-hari/,status paket tidak berubah dari tgl 9 dan tidak ada update paket dimana selama 6 hari,JNT Express
status paket gak berubah,https://tanyapaket.cekresi.com/question/status-paket-gak-berubah-4/,sudah 5 hari status paket belum berubah. padahal kata seller nya udh di pick up dari tgl 11 maret.,Ekspedisi Lainnya
PAKET TIDAK BERGERAK,https://tanyapaket.cekresi.com/question/paket-tidak-bergerak-7894/,"Halo ka, paket saya dengan nomor resi JP3327894040 tidak bergerak dari tanggal 12 maret 2024. Kira kira ada kendala apa ya ?",JNT Express
Paket tidak bergerak dari tanggal 11 maret 2024,https://tanyapaket.cekresi.com/question/paket-tidak-bergerak-dari-tanggal-11-maret-2024/,TLJC3D6269YGEDDL,JNE Express
belum sampai sudah telat lama,https://tanyapaket.cekresi.com/question/belum-sampai-sudah-telat-lama/,"estimasi pengiriman dari tangerang 5 hari dari tgl 6 maret, sampai hari ini belum sampai dan tidak ada pergerakan dan konfirmasi",JNE Express
PAKET BELUM DITERIMA,https://tanyapaket.cekresi.com/question/paket-belum-diterima-385/,"Mohon informasi paket dgn RESI No.1306244403 blm diterima smp skg , tapi diketerangan tdk ada orang, pada hal kami ada di rumah tgl.14 Maret 2024 , knp pihak JNT tdk menelpon pemilik paket .mohon agar paket tsb segera diantar ke alamat . Jl.Kusuma Bangsa III Perumahan Sepakusuma no.5 Denpasarpihak JNT juga sdh saya email tdk ada respon , saya telepon juga gak diangkat . bagaimana pelayanan JNT ??????",JNT Express
Paket tidak bisa dilacak,https://tanyapaket.cekresi.com/question/paket-tidak-bisa-dilacak-165/,"Halo. Paket saya dr tanggal 13/03-2024 sampai sekarang tidak bisa dilacak paketnya dengan nomor resi : 040230009554524 Perihal dengan itu, mohon untuk segera di proses agar pengirim dan penerima tidak terjadi kecurigaan. Terima kasih.",JNE Express
Pengirim paket sal,https://tanyapaket.cekresi.com/question/pengirim-paket-sal/,"Saya ngirim paket dari bandar lampung tujuan ke kabupaket OKI,nah kenapa paket saya malah dibawak kejakarta,kan jadi nambah lama tuh nyampe bulak balik pula",JNE Express
Paket tidak bergerak,https://tanyapaket.cekresi.com/question/paket-tidak-bergerak-7893/,paket saya tidak bergerak selama 5 hari,JNT Express
Paket tidak bergerak,https://tanyapaket.cekresi.com/question/paket-tidak-bergerak-7892/,Paket tidak bergerak di TH Kebayoran Lama dengan nomor resi IDD903140341147 dari ID EXPRESS,ID Express
Paket tidak bergerak sudah lebih dari 1 hari ( JNE YES ),https://tanyapaket.cekresi.com/question/paket-tidak-bergerak-sudah-lebih-dari-1-hari-jne-yes/,"Saya menggunakan layanan JNE Yes yang seharusnya 1 hari sampai, namun paket saya tidak bergerak selama satu hari terakhir. No Resi: TLJE3DL0RNYGJL4QMohon bantuannya, terimakasih",JNE Express
Paket tidak bergerak,https://tanyapaket.cekresi.com/question/paket-tidak-bergerak-7891/,Kenapa paket saya dari tanggal 13 tidak bergerak,JNT Express
NLIDAP1741871759,https://tanyapaket.cekresi.com/question/nlidap1741871759/,Perjalanan paket tidak bisa di lacak,Lazada Express (LEX)
Paket tidak bergerak dari 12 Maret 2024,https://tanyapaket.cekresi.com/question/paket-tidak-bergerak-dari-12-maret-2024/,Paket tidak bergerak sejak tanggal 12 Maret 2024,JNE Express
Paket tidak berjalan,https://tanyapaket.cekresi.com/question/paket-tidak-berjalan-139/,Nomor resi: 10008506208681,Anteraja
Paket saya tidak bergerak,https://tanyapaket.cekresi.com/question/paket-saya-tidak-bergerak-246/,Paket saya dengan nomor resi JNEB-1011654738 tidak kunjung sampai dengan keterangan mengalami masalah pengiriman,Ekspedisi Lainnya
Paket saya ada di mana,https://tanyapaket.cekresi.com/question/paket-saya-ada-di-mana-2/,Paket saya ada di mana. Saya mau ambil sendiri aja paket saya.. no resi. JT92882444719,JNE Express
Paket saya belum sampai tapi di keterangan sudah diterima pihak keluarga,https://tanyapaket.cekresi.com/question/paket-saya-belum-sampai-tapi-di-keterangan-sudah-diterima-pihak-keluarga/,JD0375228967,JNT Express
paket tidak bergerak dari tgl 10 maret,https://tanyapaket.cekresi.com/question/paket-tidak-bergerak-dari-tgl-10-maret/,paket tak kunjung sampaipengiriman dari tgl 9 maret.JNE 542560001389824capek nunggu bosq!?,JNE Express
"Paket Stuck di Pontianak DC, dan Update terbarunya tidak jelas!",https://tanyapaket.cekresi.com/question/paket-stuck-di-pontianak-dc-dan-update-terbarunya-tidak-jelas/,"paket saya tidak bergerak! Dan update terbaru paket saya tidak akurat dan bikin bingun, tambah lagi kesal! Mohon di bantu, apakah bisa dikirim sesuai estimasi yang sudah ditentukan! Ini barang tidak di antar hingga alamaauh, Bagaimana ini?",Shopee Express
"paket JNE tidak bergerak, nomor resi TKP01-TGMQ8QUD",https://tanyapaket.cekresi.com/question/paket-jne-tidak-bergerak-nomor-resi-tkp01-tgmq8qud/,"paket jne tidak bergerak, nomor resi TKP01-TGMQ8QUD",JNE Express
Paket tidak bergerak,https://tanyapaket.cekresi.com/question/paket-tidak-bergerak-7890/,"Paket dengan nomer resi JX0212821073 tidak bergerak dari tanggal 11 maret 2024, kalo ada nomer cs jnt balaraja boleh dibagi",JNT Express
Paket tidak bergerak dari 08 maret 2024,https://tanyapaket.cekresi.com/question/paket-tidak-bergerak-dari-08-maret-2024/,"Selamat Siang, mau tanya untuk dokumen yang di kirim dari Denpasar ke surabaya dengan nomer resi JD0374768905 sampai sekarang belum sampai itu ada kendala apa ya ?",JNT Express
paket tidak bergerak,https://tanyapaket.cekresi.com/question/paket-tidak-bergerak-7889/,paket  resi no. 300070006209124 JNE tidak bergerak,JNE Express
Paket Tidak bergerak,https://tanyapaket.cekresi.com/question/paket-tidak-bergerak-7888/,No paket JP4814696122 tidak bergerak dari tanggal 11 Maret,JNT Express
"Cek resi JNE tidak muncul, bisa dibantu?",https://tanyapaket.cekresi.com/question/cek-resi-jne-tidak-muncul-bisa-dibantu/,No resi : 0608082400034496 Ekspedisi : JNE,JNE Express
paket tidak sampai resi JP9793448051,https://tanyapaket.cekresi.com/question/paket-tidak-sampai-resi-jp9793448051/,"paket saya tidak sampai padahal keterangannya sudah sampai, saya harus menghubungi customer service via apa ya?",JNT Express
paket tidak bergerak dari 8 maret,https://tanyapaket.cekresi.com/question/paket-tidak-bergerak-dari-8-maret/,paket tidak bergerak dari 8 maret,JNT Cargo
Tanya paket,https://tanyapaket.cekresi.com/question/tanya-paket-2692/,Paket saya sampe mana soalnya di keterangan tidak jelas,F A Q
Paket tidak bergerak,https://tanyapaket.cekresi.com/question/paket-tidak-bergerak-7887/,Paket dengan nomer resi 021380001083024 tidak bergerak setelah 1 hari di kirim,JNE Express
Paket tidak berjalan sudah 6 hari masih stuck,https://tanyapaket.cekresi.com/question/paket-tidak-berjalan-sudah-6-hari-masih-stuck/,Paket tidak berjalan sudah 6 hari masih stuck di surabaya no resi JP1091735399,JNT Express
paket say kemapa sudah sampai bandar lampung tetapi balik lagi diantar ke jakarta,https://tanyapaket.cekresi.com/question/paket-say-kemapa-sudah-sampai-bandar-lampung-tetapi-balik-lagi-diantar-ke-jakarta/,kenapa paket saya sudah tiba di alamat saya bandar lampung tetapi dikirim lagi kenpalembang dan ke jakarta?,JNT Express
Paket tidak bergerak,https://tanyapaket.cekresi.com/question/paket-tidak-bergerak-7886/,Maaf mau tanya paket dg resi 021180006105524 tidak bergerak,JNT Cargo
Laporan pengiriman tidak bergerak,https://tanyapaket.cekresi.com/question/laporan-pengiriman-tidak-bergerak/,"Estimasi pengiriman tiba tgl 9-13 Maret, tetapi Dari tgl 8 Maret sampai sekarang laporan tidak update, tolong donk di bantu,ini no resinya JX0191064093 kalau memang ada kendala, kasih informasi donk kendalanya apa biar saya tau,",JNT Express
Keterlambatan pick up,https://tanyapaket.cekresi.com/question/keterlambatan-pick-up/,TOLONG KURIR NYAAA YG BNR jadwal pick up jam 6-11 malam sampai 23.20 blm ada KURIR,JNE Express
"Resi JD0374726531 Terlalu lama, bahkan tidak bergerak beberapa hari, padahal j&t express",https://tanyapaket.cekresi.com/question/resi-jd0374726531-terlalu-lama-bahkan-tidak-bergerak-beberapa-hari-padahal-jt-express/,"Resi JD0374726531 Terlalu lama,  bahkan tidak bergerak beberapa hari, padahal j&t express",JNT Express
Paket tidak bergerak,https://tanyapaket.cekresi.com/question/paket-tidak-bergerak-7885/,paket 5hari tidak bergerak mohon kelanjutan dan penangananya resi 200447353345,JNT Cargo
Paket tidak bergerak,https://tanyapaket.cekresi.com/question/paket-tidak-bergerak-7884/,"Paket saya dg nomor resi JT46676859452 tdk bergerak sama sekali sejak 11 Maret 2024, pdahal estimasi seharusnya tgl 13 Maret paket sdh kami Terima. Mohon bantuannya agar paket kami segera di kirimkan. Trims",JNT Cargo
Paket Belum Sampai Resi 022950002104124,https://tanyapaket.cekresi.com/question/paket-belum-sampai-resi-022950002104124/,"Halo JNE, Mohon konfirmasi keberadaan paket yang status pelacakan resi telah terjangkau pada tgl 12 Maret 2024, pukul 19.00 WIB. tetapi tidak menemukan penerima. saya telah cek ke yang bersangkutan tidak ada sms/wa/telpon dari kurir yang mengirimkan, dan hingga saat ini status paket keberadaannya dimana statusnya?Terimakasih Salam Rizki",JNE Express
Paket belum datang dengan resi 631480003786124,https://tanyapaket.cekresi.com/question/paket-belum-datang-dengan-resi-631480003786124/,Tolong segera dikirim paket ekspedisi JNE Yes dengan resi 631480003786124,JNE Express
Paket JNE Cargo status bermasalah,https://tanyapaket.cekresi.com/question/paket-jne-cargo-status-bermasalah/,"Tolong paket saya dengan resi JT79987060229 agar segera dikirim ke saya, kenapa tiba2 status paket bermasalah, berbeda dgn yg tertera di marketplace ??? Setiap tlp k call center jawaban ny template banget, suruh tunggu terus, gk ada penyelesaian sm sekali",JNE Express
Kurir SAPX tidak antar barang setelah masuk sorting center,https://tanyapaket.cekresi.com/question/kurir-sapx-tidak-antar-barang-setelah-masuk-sorting-center/,"Resi: TKP01-WLLPMPPYBarang saya sudah sampai di sorting center manado dari tanggal 11 maret, tetapi sampai tanggal sekarang barang tersebut masih brlum diantar. Apakah boleh bantu lacak barang saya? Terima kasih",SAP Express
Paket tidak bergerak dari tanggal 9 maret,https://tanyapaket.cekresi.com/question/paket-tidak-bergerak-dari-tanggal-9-maret-3/,"Maaf pak, izin bertanya ini paket saya dengan resi 200444471871 blm berjalan sama sekali dari tanggal 9 maret 2024. Jadi kapan estimasi samapai tempat tujuan?",JNT Cargo
Paket belum bergerak dari tanggal 12 Maret 2024,https://tanyapaket.cekresi.com/question/paket-belum-bergerak-dari-tanggal-12-maret-2024/,"Saya mengirim paket dari Medan ke Jakarta dengan no. resi 041620013969224, dan history terakhir di tanggal 12 Maret, posisi terakhir DELIVERED TO [DODI LG | 12-03-2024 11:31 | JAKARTA ]. Sampai tanggal 13 Maret 2024, paket belum sampai di tujuan jl. Haji Rasuna Said, Jakarta Selatan. Mohon agar posisi paket pertanggal 13 Maret dapat dilacak",JNE Express
Tolong segera dikirim paket dg resi JX0206746480,https://tanyapaket.cekresi.com/question/tolong-segera-dikirim-paket-dg-resi-jx0206746480/,Tolong segera dikirim paket dg resi JX0206746480,JNT Express
paket J&T Cargo 200445004547,https://tanyapaket.cekresi.com/question/paket-jt-cargo-200445004547/,posisi paket sudah dimana?  per tanggal 11 Maret 2024 tidak ada pergerakan paket J&T Cargo 200445004547,JNT Cargo
Apa arti status paket dikembalikan di [nama daerah,https://tanyapaket.cekresi.com/question/apa-arti-status-paket-dikembalikan-di-nama-daerah/,"Paket kemaren atau sehari yang lalu dikirim dari Kudus sudah nyampe di Tegal. Dan hari ini sudah di Brebes, namum mengapa status paket sekarang seperti dibawah ini? Mengapa paket tidak di kirimkan ke dropt poin sesuai dengan kecamatan? Yang ini malahan ke kecamatan sebelah, mana jauh banget jaraknya hampir setengah jamPaket di kembalikan di Brebes [Brebes Kersana] ‚Äì (CC) Criss Cross",SICEPAT
paket tidak bisa dilacak no resi SEN1C520331424,https://tanyapaket.cekresi.com/question/paket-tidak-bisa-dilacak-no-resi-sen1c520331424/,kenapa paket saya tidak bisa dilacak,Indah Logistik
Paket saya dengan nomor resi JD0341459966 kenapa belom sampai,https://tanyapaket.cekresi.com/question/paket-saya-dengan-nomor-resi-jd0341459966-kenapa-belom-sampai/,Paket saya dengan nomor resi JD0341459966 kok belom ada dikirim dan saya belom menerima paket tersebut,JNE Express
Tanya paket,https://tanyapaket.cekresi.com/question/tanya-paket-2691/,"Paket tidak bergerak dengan nomor resi BDO1CSPL210520274916 Mohon segera diperiksa dan dikirim, terimakasih",Indah Logistik
paket tidak bergerak,https://tanyapaket.cekresi.com/question/paket-tidak-bergerak-7883/,"paket dengan resi 200446896305 tidak bergerak sejak 8 maret, dan dibutuhkan segera sebelum tanggal 14 maret. dimana outlet paket berada sekarang?",JNT Cargo
Paket J&T Ekspres nomor resi JX0224059820 sampai mana?,https://tanyapaket.cekresi.com/question/paket-jt-ekspres-nomor-resi-jx0224059820-sampai-mana/,Mohon infonya paket J&T (sepatu) No resi JX0224059820 sudah sampai mana?,JNT Express
Paket tidak bergerak,https://tanyapaket.cekresi.com/question/paket-tidak-bergerak-7882/,"Paket saya dengan no resi JD0376234310 ekspedisi jnt ekspress tidak bergerak terakhir tgl 11 Maret di gudang sortir jakarta, mohon di bantu terimakasih",JNT Express
Kirim paket saya dengan resi jd0376174388,https://tanyapaket.cekresi.com/question/kirim-paket-saya-dengan-resi-jd0376174388/,Jd0376174388,JNE Express
Paket tidak bergerak,https://tanyapaket.cekresi.com/question/paket-tidak-bergerak-7881/,"Halo , paket saya dengan resi 550200004755724 menggunakan jne kok engga gerak ya, stuck dr kemaren? di DEPARTED FROM TRANSIT  mulu gaada update informasinya",JNE Express
Paket tidak bergerak dari tanggal 12 maret,https://tanyapaket.cekresi.com/question/paket-tidak-bergerak-dari-tanggal-12-maret/,No Resi	: 071030029013524 Dikirim tanggal : 11-03-2024 21:38 Dikirim oleh	: MAINAN 28.FIGURASTUFF Dikirim ke	: -IIS MUADAH 218468 Status	: On Process,JNE Express
Tolong paket segera di kirim dengan no. Resi JD0376549884,https://tanyapaket.cekresi.com/question/tolong-paket-segera-di-kirim-dengan-no-resi-jd0376549884/,"Tolong paket segera di proses, pembeli srdang menunggu",JNT Express
Paket ga bergerak & terlalu lama,https://tanyapaket.cekresi.com/question/paket-ga-bergerak-terlalu-lama/,"Sungguh terlalu‚Ä¶.,paket ga bergerak & memakan waktu yg lama",JNT Cargo
Paket belum datang sampe tanggal yg ditentukan,https://tanyapaket.cekresi.com/question/paket-belum-datang-sampe-tanggal-yg-ditentukan/,"Paket belum datang sampai hari yg sudah ditentukan, ditracking juga statusnya cuma sampe tgl 8 saja , harusnya hari ini tgl 13 datang sesuai jadwalnya‚Ä¶tapi ditracking berhenti sampe tgl 8 maret 2024 saja.no resi JNEB-1011454636",JNE Express
Paket Rusak Parah,https://tanyapaket.cekresi.com/question/paket-rusak-parah/,Paket dikirim dari kota metro Lampung berat 7 kg tgl 8 Maret 2024 menuju jatinangor sumedang. Estimasi 3-4 hari menurut saudara Riski tapi sampai di sumedabg tgl 13 Maret lebih dari 5 hari dan pihak jnt telp anak saya paket gak bisa dianter karena RUSAK. Kok bisa sekelas jnt telat dan barang rusak. Kami tunggu pertanggungjawabannya.,JNT Express
Paket tidak bergerak,https://tanyapaket.cekresi.com/question/paket-tidak-bergerak-7880/,Kok paket saya yang bernomor resi TLJR3DH3GLYGVYWE tidak bergerak lagi ya sejak kemaren. Stuck di warehouse cileungsi terus dari jam 9 pagi kemaren,JNE Express
"Paket belum terima,resi:200447039966",https://tanyapaket.cekresi.com/question/paket-belum-terimaresi200447039966/,200447039966,JNT Cargo
No 10008497915764 paket belum sampai melebihi tanggal maksimal waktunya,https://tanyapaket.cekresi.com/question/no-10008497915764-paket-belum-sampai-melebihi-tanggal-maksimal-waktunya/,10008497915764,Anteraja
Paket belum sampai,https://tanyapaket.cekresi.com/question/paket-belum-sampai-2451/,Paket Belum sampai dari tanggal 8 Maret dengan ekspedisi J&T cargo. No paketnya 200449991245,JNT Cargo
Paket berhenti dari tgl 10 Maret,https://tanyapaket.cekresi.com/question/paket-berhenti-dari-tgl-10-maret/,JD0375547148 PAKET TIDAK BERGERAK SEJAK 10 MARET,JNT Express
Melacak paket Medali dan Piagam cetak dari Divya competition,https://tanyapaket.cekresi.com/question/melacak-paket-medali-dan-piagam-cetak-dari-divya-competition/,JD0376613450,JNT Express
Paket tidak bergerak,https://tanyapaket.cekresi.com/question/paket-tidak-bergerak-7879/,Paket saya tidak bergerak atau tidak dikirim oleh pihak JNE Trucking dengan no.Resi JT21579850419,JNE Express
No. Resi 640940004209323 Not Found,https://tanyapaket.cekresi.com/question/no-resi-640940004209323-not-found/,"Kenapa ya no. Resi 640940004209323, setelah saya cek beberapa kali di web dan app MyJNE keterangan nya not found, minta tolong solusinyaüôè",JNE Express
Paket tidak bergerak,https://tanyapaket.cekresi.com/question/paket-tidak-bergerak-7878/,Paket tidak bergerak dari tanggal 11 Maret 2024 di Warehouse Tanjung Karang ‚Äì Bandar LampungNo resi 620600003927920,JNT Express
paket tidak bergerak dari tgl 6,https://tanyapaket.cekresi.com/question/paket-tidak-bergerak-dari-tgl-6-4/,JP8990044042 dari tgl 6 tidak bergerak,JNT Express
Tolong kirim segera paket dengan resi JD0375721911,https://tanyapaket.cekresi.com/question/tolong-kirim-segera-paket-dengan-resi-jd0375721911/,Tolong segera tangani ya,JNT Express
Resi tidak bisa di lacak no resi JX2252011210,https://tanyapaket.cekresi.com/question/resi-tidak-bisa-di-lacak-no-resi-jx2252011210/,Resi JX2252011210,JNT Express
Paket No JNEB-1011615038 tidak bergerak dari tanggal 10 Maret,https://tanyapaket.cekresi.com/question/paket-no-jneb-1011615038-tidak-bergerak-dari-tanggal-10-maret/,Container BoxEzy 52 liter JNEB-1011615038,JNE Express
paket udah 4 hari gagal pengiriman,https://tanyapaket.cekresi.com/question/paket-udah-4-hari-gagal-pengiriman/,"paket saya udah sampai di kota tujuan dari tanggal 7 maret, namun sampai sekarang paket gagal pengiriman, tolong penjelasanya ?",Anteraja
paket saya udah 4 hari status pengiriman gagal pengiriman terus no resi 10008491114200,https://tanyapaket.cekresi.com/question/paket-saya-udah-4-hari-status-pengiriman-gagal-pengiriman-terus-no-resi-10008491114200/,paket saya udah 4 hari status pengiriman gagal pengiriman terus mohon kejelasanya?no resi 10008491114200,Anteraja
paket belum sampai sudah maksimal tgl estimasi,https://tanyapaket.cekresi.com/question/paket-belum-sampai-sudah-maksimal-tgl-estimasi-2/,No resi 660074333683,TIKI
Paket No JT81695896977,https://tanyapaket.cekresi.com/question/paket-no-jt81695896977/,Paket No JT81695896977 JNE Cargo  stuck dari tgl 09/03 (pesanan tgl 03/03),Ekspedisi Lainnya
Cilacap Jawa Tengah,https://tanyapaket.cekresi.com/question/cilacap-jawa-tengah/,Paket belum dikirim sudah 1 hari di kota tujuan No resi JD0375711107 J&T,JNT Express
Pengiriman Blm sampai,https://tanyapaket.cekresi.com/question/pengiriman-blm-sampai-2/,Mohon bantuannya untuk nomor resi JT49390378659 berhenti do bogor. pengiriman dari tanggal 6 blm sampai,JNT Cargo
Pengiriman Barang Gagal,https://tanyapaket.cekresi.com/question/pengiriman-barang-gagal-2/,"Halo kak.. saya mau tanyaKenapa paket saya dengan nomor resi SPXID040637092373 (COD) statusnya pengiriman gagal ya dan mw dibalikin ke penjualnya? Itu sudah 2 kali gagal (tgl 10 dan 11 Maret) dengan alasan yang sama yakni penerima tidak di rumah/tidak bisa dihubungi.. padahal dalam 2 hari ini tidak ada kurir yang datang mengantar paket atau menghubungi nomor saya jika paket sudah sampai di dpn rumah. Seharusnya, jika memang tidak ada orang di rumah, setidaknya kurir menghubungi nomor saya.. tapi ini tidak, langsung membuat pernyataan pesanan gagal.Tolong dibantu ya ..Terima kasih",Shopee Express
Paket dr tgl 9 maret berhenti,https://tanyapaket.cekresi.com/question/paket-dr-tgl-9-maret-berhenti/,Saya kirim dari tgl 8 maret 2024 . Tujuan wisma indomobil . Sampai skarang posisi paket hanya ada tgl 9 maret saja. Mohon dibantu. Thx,JNT Express
Paket tidak bergerak,https://tanyapaket.cekresi.com/question/paket-tidak-bergerak-7877/,Paket saya dengan resi JD0375514271 tidak bergerak dari tanggal 8 Maret 2024 tolong dong dipercepat lagi terimakasih,JNT Express
140360002116124 JNE Trucking status berhenti di tanggal 5 Maret 2024,https://tanyapaket.cekresi.com/question/140360002116124-jne-trucking-status-berhenti-di-tanggal-5-maret-2024/,Mohon bantuannya untuk nomor resi 140360002116124 sudah tidak ada update histori perjalanan semenjak tanggal 5 Maret 2024 terhenti di ‚ÄúBulkhub‚Äù,JNE Express
Paket belum sampai,https://tanyapaket.cekresi.com/question/paket-belum-sampai-2450/,Bisa minta tolong paket saya seharusnya tanggal 9 maret 2024 seharusnya sdh sampai. Mohon bantuan no WA Pos infonesia,Pos Indonesia
Kenapa paket tidak bergerak,https://tanyapaket.cekresi.com/question/kenapa-paket-tidak-bergerak-46/,"Paket saya dg nomor resi : JP3849428139 JNT Economy terakhir diupdate posisinya tanggal 2 Maret- dan per hari ini belum berubah. Paket saya diestimasi utuk sampai sekitar tanggal 6 Maret dan skrg sudah tgl 12 Maret, sudah telat hampir seminggu. Mohon solusinya Terima kasih",JNT Express
Minta bukti pengiriman dengan nomor resi JX0196944727,https://tanyapaket.cekresi.com/question/minta-bukti-pengiriman-dengan-nomor-resi-jx0196944727/,"Saya sudah cek resinya, di terima oleh nuraeni, tetangga saya gak ada namanya nuraeni dan barangnya beluk saya terima sampai sekarang, boleh minta nomor kurirnya namanya rizky haqiqi",JNT Express
Paket tak bergerak,https://tanyapaket.cekresi.com/question/paket-tak-bergerak-62/,paket tidak bergerak resi TLJR3DL591YNGJ63,JNE Express
Paket tidak bergerak JNAC-0042065956,https://tanyapaket.cekresi.com/question/paket-tidak-bergerak-jnac-0042065956/,Paket saya tidak bergerak JNAC-0042065956,JNE Express
Paket belum sampai sudah maksimal tgl estimasi,https://tanyapaket.cekresi.com/question/paket-belum-sampai-sudah-maksimal-tgl-estimasi/,No resi TLJR3D4GCLYN1D6Y batas estimasi 11 maret 2024 dan sampai sekarang status paket masih di tanggal 4 maret 2024 departed tangerang bandara mas. Tolong konfirmasinya apakah paket itu hilang atau tidak?,JNE Express
Paket tidak bergerak,https://tanyapaket.cekresi.com/question/paket-tidak-bergerak-7876/,Paket tidak bergerak dari tanggal 7 maret sampai estimasi sampai dengan no resi JT53617905170,JNE Express
Paket dengan resi JT48584137546 stuck dipekanbaru sudah 3 hari tidak jalan,https://tanyapaket.cekresi.com/question/paket-dengan-resi-jt48584137546-stuck-dipekanbaru-sudah-3-hari-tidak-jalan/,Paket dengan resi JT48584137546 stuck dipekanbaru sudah 3 hari tidak jalan,Ekspedisi Lainnya
Resi 004286033537 Pengiriman lama,https://tanyapaket.cekresi.com/question/resi-004286033537-pengiriman-lama/,"Pengiriman lama, paket bolak balik Pekanbaru Jakarta 004286033537",SICEPAT
Sudah dibawa Kurier atau belum?,https://tanyapaket.cekresi.com/question/sudah-dibawa-kurier-atau-belum/,"tolong cek segera. paket dengan no resi TLJR3DGC42YNNCPF sudah dibawa kurier atau belum? kalo belum saya mau ambil sendiri dikantor JNE, distatus pengiriman barang sudah tiba dikota tujuan. Soalnya barangnya dibutuhkan segera",JNE Express
"Paket belum nyampe sampai sekarang, 5 hari posisi masih di daerah jakarta",https://tanyapaket.cekresi.com/question/paket-belum-nyampe-sampai-sekarang-5-hari-posisi-masih-di-daerah-jakarta/,No resi 004286573778,SICEPAT
Paket stucuk sudah 3 hari tidak jalan,https://tanyapaket.cekresi.com/question/paket-stucuk-sudah-3-hari-tidak-jalan/,Paket stuck tidak jalan dengan resi JT73538902066,JNE Express
paket tidak bergerak,https://tanyapaket.cekresi.com/question/paket-tidak-bergerak-7875/,Paket dengan nomor resi SPXID045039050793 dari tanggal 5 tidak ada pergerakan dn update diweb dan sampai ke hari 9 belum sampai kapan sampai kelokasi? karena ada kebutuhan yang urgent,Shopee Express
Paket tidak bergerak dan sudah sampai tanggal estimasi JT74293342513 jne,https://tanyapaket.cekresi.com/question/paket-tidak-bergerak-dan-sudah-sampai-tanggal-estimasi-jt74293342513-jne/,Paket tidak bergerak dan sudah sampai tanggal estimasi JT74293342513 jne,JNE Express
Lacak pengiriman,https://tanyapaket.cekresi.com/question/lacak-pengiriman-17/,"SP1240304022854 indopaket . Info untuk posisi barang sekarang sudah sampai mana ya,status dari tanggal 7 tidak bergerak.setelah di cek resi tidak terbaca.",Ekspedisi Lainnya
Paket tidak jalan,https://tanyapaket.cekresi.com/question/paket-tidak-jalan-233/,Paket tidak jalan JNE Nomer Resi 630890002662824,JNE Express
Sudah 4 hari tak Sampai,https://tanyapaket.cekresi.com/question/sudah-4-hari-tak-sampai/,"Sudah 5 hari paket tidak sampai, no resi 1306472457",JNT Express
9 hari paket blom sampai,https://tanyapaket.cekresi.com/question/9-hari-paket-blom-sampai/,"Resi TKP01-L7LN830N Sudah 9 hari paket blom sampai , 3 hari stuck di kota tujuan , Estimasi 11 hari baru bisa dikomplain..",SAP Express
Status paket kok gak berubah dan sudah 4 hari blm sampai,https://tanyapaket.cekresi.com/question/status-paket-kok-gak-berubah-dan-sudah-4-hari-blm-sampai/,Paket no 0151332400639799 Jne express kok status gak berubah..stuck di tgl 6 dan ini sudah 4 hari belum sampai juga,JNE Express
Paket sthck,https://tanyapaket.cekresi.com/question/paket-sthck/,Paket dengan resi Jo0209478153 dari pagi sudah dibawa kurir namun ssmpek sekaramg gaada perubahan pergerakan,JNT Express
kenapa Paket tidak bergerak?JNEB-1011434834,https://tanyapaket.cekresi.com/question/kenapa-paket-tidak-bergerakjneb-1011434834/,JNEB-1011434834,JNE Express
Paket belum sampai,https://tanyapaket.cekresi.com/question/paket-belum-sampai-2449/,Sore‚Ä¶paket JNE Express No. resi 010290003024024 sampai ke lokasi pengiriman kapan ya ?,JNE Express
pket sya manaa,https://tanyapaket.cekresi.com/question/pket-sya-manaa/,kenapa paket saya keterangannya sudah sampai tapi belum saya terima,JNT Express
Paket ZYLZBCCE stuck,https://tanyapaket.cekresi.com/question/paket-zylzbcce-stuck/,Tolong dibantu/ dipercepat pengirimannya. Tolong konfirmasi jika ada kendala ZYLZBCCE,WAHAHA
paket sudah sampai mana resi JD0375266951,https://tanyapaket.cekresi.com/question/paket-sudah-sampai-mana-resi-jd0375266951/,paket dengan resi JD0375266951,JNT Express
Paket sdh 3 hari stuck tidak dikirim dari pusat sortir lampung,https://tanyapaket.cekresi.com/question/paket-sdh-3-hari-stuck-tidak-dikirim-dari-pusat-sortir-lampung/,"Paket dengan nomor resi SPXID041881691843 tidak kunjung dikirim dari pusat sortir lampung sejak 7 maret 2024. Estimasi sampai hari ini, tp sampai dengan hari ini paket belum juga bergerak untuk dikirimkan ke palembang. Mohon untuk segera dikirimkan paket tersebut terimakasih.",Shopee Express
Paket dengan resi 350180000571624 jne sama sekali tidak bergerak,https://tanyapaket.cekresi.com/question/paket-dengan-resi-350180000571624-jne-sama-sekali-tidak-bergerak/,Paketnya kemana ini kok berhentiiii 350180000571624,JNE Express
No resi tidak dapat terbaca,https://tanyapaket.cekresi.com/question/no-resi-tidak-dapat-terbaca/,Kenapa resi j&t saya tidak bisa terbaca. Tolong bantuannya untuk melacak status paket saya 240305ZBKRRY. Terima kasih,JNT Express
Paket macet/stuck,https://tanyapaket.cekresi.com/question/paket-macet-stuck/,Paket saya dengan nomor resi TKP01-P3K615YP awalnya menggunakan ekspedisi JNT kemudian tanpa saya ketahui berubah menjadi JNE. Terhitung sudah 3 hari dari tanggal 7 maret hingga sekarang statusnya masih di gerai Jakarta. Mohon bantuannya.,Ekspedisi Lainnya
Paket tidak gerak,https://tanyapaket.cekresi.com/question/paket-tidak-gerak-128/,Paket dari tanggal 8 dini hari sampai dengan sekarang gak gerak gerak,JNE Express
Paket dengan nomer resi NLIDAP1742277173 tidak bergerak,https://tanyapaket.cekresi.com/question/paket-dengan-nomer-resi-nlidap1742277173-tidak-bergerak/,rifkiaf2916@gmail.com NLIDAP1742277173,Ninja Xpress
Paket tidak jalan,https://tanyapaket.cekresi.com/question/paket-tidak-jalan-232/,No resi JT36912098414 paket tidak jalan padahal edtimasi diterima 9 maret,JNE Express
Pesanan saya no.resi SPXID048310404933 belum sampai.,https://tanyapaket.cekresi.com/question/pesanan-saya-no-resi-spxid048310404933-belum-sampai/,Pesanan saya belum datang..padahal harusnya sampai tanggal 5 maret kemaren..sekarang sudah 7 hari. SPXID048310404933,JNT Express
Paket tidak jalan,https://tanyapaket.cekresi.com/question/paket-tidak-jalan-231/,No resi JT36912098414 Estimasi diterima 9maret tp paket beberapa hari tidak jalan,JNE Express
"Paket TLJR3D4PVGYN5C69 tidak bergerak sejak tgl 5 maret 2024, mohon di bantu.",https://tanyapaket.cekresi.com/question/paket-tljr3d4pvgyn5c69-tidak-bergerak-sejak-tgl-5-maret-2024-mohon-di-bantu/,Paket TLJR3D4PVGYN5C69 tdak bergerak sejak 5 maret 2024,JNE Express
Paket Stuck di Gudang Jakarta Timur,https://tanyapaket.cekresi.com/question/paket-stuck-di-gudang-jakarta-timur/,"Kronologinya saya order melalui Shopee tertanggal  6 Maret 2024, kemudian tgl 7 Maret dibawa kurirnya ke Hub Jakarta Utara, kemudian dikirim ke Transit di Jakarta Timur lalu kembali lagi ke Jakarta Utara, dan balik lagi ke Sortir di Jakarta Timur jam 21.23 hingga saat ini paketnya masih di sortiran Jakarta Timur.",Anteraja
Paket saya lama tidak dikirim,https://tanyapaket.cekresi.com/question/paket-saya-lama-tidak-dikirim/,Gila nih jasa pengiriman‚Ä¶yang salah kirim siapa‚Ä¶paket saya di pending‚Ä¶ With kerja yang bener lah‚Ä¶gak jelas amat‚Ä¶gua dari butuh tuh barang sampel gak butuh lagi.  Udh seminggu lebih paket gua pendong,Ninja Xpress
Status paket ga update,https://tanyapaket.cekresi.com/question/status-paket-ga-update-2/,"Paket saya status nya tidak update sejak tgl 6 maret, paket juga sudah melewati waktu estimasi pengiriman, tolong konfirmasi nya jnt express",JNT Express
